first,last,source,offset
Thomas,Casoni,blob,16727
Sergio,Kirsten,blob,17732
Carlos,Samuel,blob,17732
Graham,Robb,blob,18475
Carl,Schmidt,blob,19231
Carlos,Wickey,blob,20615
Joao,Pinto,blob,20615
Carlos,Toni,blob,23074
Simon,Albert,blob,24114
Sergio,Zickler,blob,24693
Fran,Recarte,blob,25195
Barry,Murphy,blob,26257
Simon,Molnar,blob,26257
Daniel,Plancque,blob,27053
David,Gritsayuk,blob,27589
Antonio,Sumiala,blob,27589
Scott,Beresford,blob,29166
Lee,Beardsley,blob,29166
Martin,Sandison,blob,29166
Jack,Harvey,blob,29166
Craig,Whelan,blob,29166
Jack,Anderson,blob,29166
Graham,Dalziel,blob,29166
Scott,Ferguson,blob,29166
Craig,Cameron,blob,29166
Grant,Charnley,blob,29166
Lewis,O'Leary,blob,29166
Martin,Farnan,blob,29166
Will,Kelly,blob,29166
Martin,Tosh,blob,29166
Graham,Campbell,blob,29166
Duncan,Robertson,blob,29166
George,Stainrod,blob,29166
Jack,Lennox,blob,29166
Jack,Henry,blob,31694
Martin,Fabiani,blob,31694
Graham,Ferguson,blob,31694
Stephen,Murphy,blob,31694
James,Wright,blob,31694
Grant,Ferries,blob,31694
Grant,Cairns,blob,31694
Grant,Ralph,blob,31694
Ross,Kellas,blob,31694
Grant,Walker,blob,31694
Duncan,McLean,blob,31694
Duncan,Coull,blob,31694
Duncan,Coupar,blob,31694
Ross,MacDougall,blob,31694
Ross,West,blob,31694
Jack,McCloy,blob,31694
Scott,Irvine,blob,34346
Andrew,Long,blob,34346
Scott,McNeill,blob,34346
Ross,Brand,blob,34346
Stephen,Grant,blob,34346
Graham,Cunningham,blob,34346
Neil,Cowan,blob,34346
Scott,Fraser,blob,34346
Ross,Yates,blob,34346
Craig,Gerraghty,blob,34346
Lee,Crews,blob,34346
Lee,Conroy,blob,34346
Grant,Fraser,blob,34346
Craig,Matheson,blob,34346
Anthony,Angel,blob,34346
Scott,Petrie,blob,34346
Lee,Davidson,blob,34346
Gordon,Houghton,blob,34346
Grant,Elder,blob,34346
Will,Thow,blob,34346
Ross,McKreth,blob,34346
Gordon,Michie,blob,34346
Stephen,Murray,blob,34346
Stephen,Gray,blob,34346
Ryan,Brash,blob,34346
Graham,Browning,blob,34346
Thomas,Ewen,blob,34346
Graham,McLachlan,blob,34346
Jack,Kelly,blob,34346
Scott,Seggie,blob,34346
James,Burt,blob,34346
Scott,Aitchison,blob,34346
Steven,Aitchison,blob,34346
Neil,Fraser,blob,34346
Scott,Sanderson,blob,34346
Craig,Rodgers,blob,34346
Paul,Brogden,blob,34346
Scott,McIntyre,blob,34346
Scott,Lyall,blob,34346
Stephen,Peters,blob,34346
Duncan,Gary,blob,34346
Alan,Nimmo,blob,34346
Mark,O'Brien,blob,34346
Ross,Cameron,blob,34346
Graham,Fulton,blob,34346
Scott,Wyatt,blob,34346
Thomas,Tovey,blob,34346
Lewis,Harris,blob,34346
Paul,Stuart,blob,34346
Matthew,Woods,blob,34346
Daniel,Merry,blob,34346
Craig,Holden,blob,34346
Martin,Howard,blob,34346
Lee,Hart,blob,34346
Neil,Derick,blob,34346
Mark,Morton,blob,34346
Robert,Caig,blob,34346
James,Myers,blob,34346
Graham,Godfrey,blob,34346
Martin,McLennan,blob,34346
Lewis,Payne,blob,34346
